Timestamp,PM2.5 (µg/m³),PM10 (µg/m³),NO (µg/m³),NO2 (µg/m³),NOx (ppb),NH3 (µg/m³),SO2 (µg/m³),CO (mg/m³),Ozone (µg/m³),Benzene (µg/m³),Toluene (µg/m³),Xylene (µg/m³),O Xylene (µg/m³),Eth-Benzene (µg/m³),MP-Xylene (µg/m³),AT (°C),RH (%),WS (m/s),WD (deg),RF (mm),TOT-RF (mm),SR (W/mt2),BP (mmHg),VWS (m/s)
2024-01-01,176.72,293.41,16.14,33.28,39.02,39.34,10.35,1.16,15.87,1.66,6.99,0.57,,3.19,2.25,11.33,72.1,0.71,174.72,0.0,0.0,48.9,974.97,0.23
2024-01-02,180.68,293.65,20.43,35.29,44.79,38.26,11.74,1.17,17.5,1.61,5.87,0.61,,3.13,2.66,10.86,69.47,0.68,169.78,0.0,0.0,62.71,974.54,0.3
2024-01-03,188.29,301.05,25.54,39.4,50.55,43.02,9.8,1.49,15.24,2.23,11.73,0.59,,2.96,2.16,10.23,80.3,0.65,163.83,0.0,0.0,49.39,974.49,0.33
2024-01-04,209.85,338.84,28.76,39.25,51.13,41.72,10.68,1.32,11.69,2.44,9.57,0.64,,2.72,1.98,10.4,81.24,0.77,200.43,0.0,0.0,34.4,974.56,0.34
2024-01-05,158.92,274.73,24.26,39.86,46.11,44.34,11.29,1.27,14.35,2.29,10.36,0.93,,2.9,1.91,11.36,81.84,0.7,190.68,0.0,0.0,29.07,974.46,0.3
2024-01-06,170.34,279.28,21.79,43.11,45.24,40.93,11.09,1.31,16.88,2.04,15.51,0.99,,2.15,1.73,10.83,75.78,0.77,177.52,0.0,0.0,48.87,975.28,0.16
2024-01-07,167.26,278.89,21.32,41.48,43.44,37.48,10.52,1.3,23.44,1.97,18.08,13.22,,2.61,2.11,11.16,72.25,0.71,190.62,0.0,0.0,67.09,975.59,0.04
2024-01-08,226.7,400.52,30.28,49.33,55.69,37.6,13.45,1.53,15.74,2.67,16.9,1.01,,2.82,2.31,10.3,78.96,0.63,186.35,0.0,0.0,49.68,975.64,0.14
2024-01-09,131.23,227.18,18.7,37.22,39.29,37.37,9.5,1.12,16.62,2.02,10.45,1.02,,2.52,2.13,10.56,78.81,0.93,194.09,0.0,0.0,33.66,971.51,0.2
2024-01-10,155.64,260.58,21.24,39.22,41.01,38.59,9.97,1.25,17.89,2.08,7.97,1.17,,2.77,2.42,9.82,76.24,1.1,205.24,0.0,0.0,60.49,963.93,0.3
2024-01-11,188.21,313.92,23.32,46.2,46.35,39.82,10.72,1.47,24.32,2.7,11.15,1.19,,2.95,2.58,10.41,73.99,0.85,205.65,0.0,0.0,72.19,963.96,0.36
2024-01-12,180.33,282.21,32.54,54.69,57.1,42.7,10.62,1.5,21.83,3.29,16.26,1.18,,3.5,4.18,10.01,75.47,0.73,189.53,0.0,0.0,72.17,964.11,0.08
2024-01-13,350.27,510.74,63.49,66.82,92.01,50.09,12.69,2.39,23.2,6.05,28.86,1.16,,6.03,10.7,9.86,78.56,0.58,165.0,0.0,0.0,61.16,963.27,0.11
2024-01-14,320.95,456.8,66.56,61.27,90.82,47.42,13.59,2.41,23.88,6.22,26.38,1.15,,7.57,12.89,9.97,77.79,0.65,181.62,0.0,0.0,61.96,963.41,0.05
2024-01-15,181.65,281.53,52.16,55.91,75.6,41.02,12.97,1.74,20.36,3.71,17.47,1.18,,4.03,5.68,10.22,73.72,0.67,188.98,0.0,0.0,79.35,963.34,0.12
2024-01-16,241.14,351.77,49.35,55.28,73.75,47.33,10.18,1.87,18.76,4.47,21.52,0.47,,3.7,6.68,9.85,80.25,0.93,159.62,0.01,0.0,66.29,962.07,0.2
2024-01-17,204.43,328.72,27.82,51.96,53.73,42.3,10.87,1.39,23.11,2.81,13.01,0.16,,2.0,2.23,10.55,73.28,0.82,173.53,0.0,0.0,74.5,961.82,0.26
2024-01-18,171.55,279.26,33.43,52.9,58.86,43.02,11.82,1.35,17.65,2.58,14.59,0.17,,1.62,1.76,10.51,79.01,0.71,173.37,0.0,0.0,64.0,964.18,0.17
2024-01-19,181.03,284.91,29.89,53.5,56.35,42.91,11.44,1.36,15.75,2.67,14.9,0.21,,1.55,1.48,10.31,80.12,0.87,165.73,0.0,0.0,53.59,964.66,0.21
2024-01-20,183.84,298.24,29.47,51.86,53.67,41.87,11.18,1.44,21.02,2.33,12.1,0.33,,1.37,2.0,10.93,73.09,0.67,177.94,0.0,0.0,62.35,964.11,0.32
2024-01-21,169.82,271.72,35.47,45.67,55.11,39.9,9.29,1.47,16.54,2.77,10.18,0.32,,1.22,1.42,9.73,80.41,0.9,196.76,0.02,0.01,52.09,964.57,0.2
2024-01-22,207.92,335.73,23.61,49.59,47.57,39.48,11.16,1.33,21.04,2.21,9.34,0.34,,1.2,1.39,10.38,73.94,0.77,174.67,0.0,0.0,70.13,964.31,0.27
2024-01-23,219.0,360.31,20.59,51.77,47.05,42.15,11.0,1.52,20.85,2.95,15.37,0.42,,1.58,1.69,11.03,77.45,0.81,177.19,0.0,0.0,61.32,964.12,0.32
2024-01-24,246.36,403.28,35.95,54.34,61.05,43.54,12.49,1.7,16.03,3.74,19.52,0.54,,2.1,2.7,10.89,77.01,0.71,183.22,0.01,0.01,57.42,964.21,0.23
2024-01-25,193.4,316.39,44.07,54.68,68.62,43.15,11.52,1.66,16.33,3.56,20.9,0.81,,2.47,3.37,10.34,77.81,0.66,180.67,0.02,0.01,65.75,965.74,0.09
2024-01-26,286.37,430.06,78.81,62.02,102.61,48.18,11.71,2.24,24.97,4.76,24.78,1.16,,4.02,6.5,11.21,74.22,0.54,175.05,0.01,0.01,68.97,965.77,0.19
2024-01-27,178.88,308.18,65.93,57.54,87.11,42.59,12.7,1.64,22.39,3.52,13.1,1.02,,2.66,4.68,12.55,65.96,0.84,192.57,0.0,0.0,81.35,964.3,0.3
2024-01-28,251.33,402.96,84.36,70.77,112.53,53.52,12.57,1.89,16.4,4.01,20.42,0.97,,2.48,3.92,11.65,75.04,0.93,164.47,0.0,0.0,55.29,963.49,0.42
2024-01-29,202.52,348.01,29.85,54.5,56.52,51.66,11.96,1.5,20.68,2.99,13.58,0.72,,1.83,2.35,12.76,73.39,0.76,172.94,0.01,0.01,70.32,963.51,0.48
2024-01-30,212.31,343.47,44.1,52.76,67.58,53.37,11.64,1.78,13.18,3.75,20.07,0.8,,2.15,2.89,11.94,80.81,0.63,182.65,0.0,0.0,52.19,964.08,0.38
2024-01-31,220.77,323.95,65.19,56.98,88.44,54.11,12.59,1.89,14.76,4.16,25.16,0.84,,3.22,4.33,12.17,84.32,0.77,169.17,0.06,0.04,38.94,963.87,0.06
2024-02-01,67.58,102.02,21.64,39.1,40.14,48.11,11.25,1.1,18.51,1.58,7.71,0.46,,1.58,1.46,13.58,79.32,1.34,165.18,0.26,0.11,54.73,963.89,-0.12
2024-02-02,102.69,162.61,40.88,40.51,58.54,42.31,11.18,1.33,15.45,2.26,17.38,0.56,,1.55,1.95,12.32,78.69,0.88,186.93,0.09,0.05,82.07,964.12,-0.02
2024-02-03,98.17,213.96,48.47,53.64,71.68,39.8,13.74,1.54,16.49,2.27,9.81,5.55,,2.51,4.28,13.2,64.71,0.73,191.52,0.04,0.01,79.28,972.58,0.06
2024-02-04,122.36,198.76,45.44,50.62,66.89,49.31,11.64,1.51,15.83,2.49,14.84,5.96,,2.48,3.27,14.03,76.93,0.9,176.78,0.08,0.04,65.57,963.27,-0.06
2024-02-05,74.76,137.09,22.4,35.41,38.98,43.17,10.83,1.09,18.04,1.3,10.01,5.55,,1.12,1.21,14.07,75.51,0.92,202.27,0.34,0.16,85.39,972.85,0.04
2024-02-06,66.71,150.83,26.77,43.98,47.11,35.72,11.48,1.07,25.12,1.49,12.4,5.47,,1.17,1.6,12.35,67.56,0.94,180.79,0.06,0.03,110.63,961.21,-0.0
2024-02-07,77.38,172.83,20.25,44.48,42.67,35.94,10.94,0.94,33.7,1.43,10.17,5.26,,1.03,1.49,12.55,62.02,1.24,194.47,0.04,0.02,101.06,961.29,0.12
2024-02-08,68.5,144.93,16.3,38.55,36.49,35.18,11.15,0.96,39.32,1.09,6.19,5.44,,1.43,1.26,13.1,60.74,1.62,195.12,0.02,0.01,98.64,963.43,0.04
2024-02-09,79.13,174.0,43.98,54.09,66.13,34.78,14.85,1.37,35.52,1.76,12.75,5.98,,1.67,2.74,13.44,56.92,0.88,183.73,0.0,0.0,112.44,963.56,0.06
2024-02-10,175.81,316.54,78.82,69.0,106.83,45.67,12.34,1.86,35.76,3.58,29.5,5.7,,2.4,3.6,13.17,67.57,0.65,172.77,0.02,0.01,94.49,964.98,0.01
2024-02-11,152.69,266.12,42.64,60.14,71.65,46.27,14.26,1.45,32.63,2.31,20.34,5.56,,1.19,1.72,13.71,67.69,0.69,186.22,0.03,0.02,98.45,964.65,-0.03
2024-02-12,156.53,281.59,47.89,60.5,75.61,47.58,13.82,1.48,28.92,2.38,21.05,5.62,,1.66,2.48,13.73,71.14,0.64,165.66,0.0,0.0,79.06,964.2,-0.03
2024-02-13,202.39,348.55,68.43,64.23,95.68,49.53,16.09,1.83,25.55,3.4,25.17,5.87,,2.52,4.05,13.95,72.78,0.58,171.25,0.0,0.0,73.55,963.67,-0.06
2024-02-14,166.15,286.44,42.0,52.87,66.51,44.37,13.63,1.38,31.4,2.79,20.38,5.81,,2.11,3.11,14.76,68.17,0.75,182.67,0.0,0.0,96.26,963.39,-0.04
2024-02-15,126.55,237.86,37.86,53.89,61.82,37.95,13.24,1.29,34.95,2.22,17.01,5.64,,1.7,2.27,14.73,66.45,0.84,191.03,0.0,0.0,103.27,963.95,0.02
2024-02-16,119.76,237.18,45.57,57.63,71.21,36.04,14.1,1.43,35.06,2.6,21.35,5.89,,1.6,2.18,15.31,61.77,0.78,185.13,0.0,0.0,107.65,964.11,0.04
2024-02-17,120.24,245.37,55.02,59.57,79.18,37.6,16.47,1.68,33.38,2.53,16.13,5.97,,1.56,2.15,15.95,62.14,0.81,187.39,0.0,0.0,109.41,961.65,0.03
2024-02-18,130.43,274.2,82.32,67.1,106.5,45.05,15.3,1.86,34.14,2.7,20.49,6.96,,2.4,3.95,17.39,60.98,0.89,158.77,0.0,0.0,97.85,960.03,-0.08
2024-02-19,89.61,235.16,11.73,41.95,34.35,38.56,13.38,1.08,47.85,1.5,7.27,5.66,,1.33,1.23,18.78,56.38,2.1,153.91,0.0,0.0,93.37,960.48,-0.09
2024-02-20,121.18,220.04,23.25,47.17,47.13,42.38,14.25,1.4,28.3,2.38,14.51,6.14,,1.78,2.02,18.71,70.37,1.0,161.58,0.04,0.03,87.4,960.91,-0.13
2024-02-21,89.69,194.93,20.43,39.82,40.14,39.66,11.39,1.03,27.87,2.07,17.48,5.94,,2.63,2.48,17.94,63.79,1.19,184.36,0.0,0.0,110.43,960.52,-0.03
2024-02-22,62.08,154.71,17.74,43.53,39.79,32.16,13.76,0.94,29.36,1.63,16.49,5.78,,1.5,1.41,17.43,52.54,1.11,187.14,0.0,0.0,115.74,961.89,0.05
2024-02-23,61.16,148.46,21.58,45.26,43.78,29.57,13.13,0.99,31.67,1.74,15.09,5.72,,1.46,1.49,15.97,51.97,1.09,187.55,0.0,0.0,120.64,963.4,-0.0
2024-02-24,87.63,213.5,45.65,57.35,71.48,32.84,14.58,1.32,32.47,2.3,20.63,5.98,,1.94,2.19,16.11,51.87,0.82,162.25,0.01,0.01,98.3,963.58,-0.1
2024-02-25,81.3,178.86,24.41,47.48,48.28,33.83,14.86,1.06,33.85,1.79,17.23,6.12,,1.38,1.43,16.74,48.5,1.0,157.08,0.01,0.01,101.24,965.07,-0.14
2024-02-26,78.69,188.81,27.96,52.52,53.66,35.14,15.11,1.19,31.09,1.87,17.34,6.22,,1.56,1.69,16.89,48.3,0.88,169.79,0.0,0.0,90.43,954.89,-0.05
2024-02-27,62.28,140.54,19.37,42.81,40.83,36.57,13.09,0.98,29.17,1.63,17.64,6.25,,1.44,1.39,17.02,53.49,1.16,177.55,0.0,0.0,109.27,954.86,-0.04
2024-02-28,62.21,139.98,14.64,38.11,33.93,35.39,12.35,0.96,32.46,1.48,10.53,6.22,,1.43,1.38,16.85,59.37,1.23,197.5,0.0,0.0,124.42,953.94,-0.09
2024-02-29,67.45,156.02,22.58,46.57,45.33,34.76,14.16,1.19,37.33,1.77,11.8,6.23,,1.77,1.8,17.61,57.95,1.06,191.96,0.0,0.0,126.9,953.2,-0.19
2024-03-01,90.29,214.71,36.47,58.21,64.4,37.08,14.96,1.42,36.97,2.81,18.03,6.39,,2.06,1.92,19.05,57.63,1.0,159.8,0.0,0.0,105.05,962.32,-0.16
2024-03-02,33.68,91.31,10.93,31.79,27.0,37.34,11.92,0.84,27.79,1.14,4.96,6.53,,1.82,1.21,18.65,66.85,2.55,162.33,0.01,0.01,89.95,951.26,0.05
2024-03-03,48.86,166.54,11.6,34.41,29.1,32.99,11.69,0.9,32.1,1.17,10.14,6.41,,1.76,1.18,17.46,61.19,1.17,173.32,0.07,0.04,112.01,960.89,-0.02
2024-03-04,49.72,122.03,14.26,37.48,33.15,27.81,12.0,0.99,36.72,1.42,14.79,6.12,,1.83,1.46,16.48,51.84,1.16,175.23,0.01,0.0,132.67,962.9,0.03
2024-03-05,50.67,121.37,12.96,35.78,30.93,29.06,13.31,1.01,44.24,1.37,10.39,6.19,,1.79,1.24,15.73,52.05,1.32,191.19,0.0,0.0,134.4,964.27,0.03
2024-03-06,64.37,138.51,23.57,40.05,42.4,30.77,15.2,1.07,41.62,1.51,10.58,6.05,,1.87,1.4,15.64,53.26,1.06,189.32,0.0,0.0,116.95,963.59,0.03
2024-03-07,80.97,178.09,33.25,49.83,57.72,29.18,14.53,1.24,36.07,2.03,15.82,5.94,,2.07,1.81,16.9,55.35,1.02,183.43,0.0,0.0,122.9,963.31,-0.08
2024-03-08,66.61,152.59,24.7,42.85,47.12,30.16,14.26,1.09,36.72,1.63,14.42,5.92,,1.87,1.66,17.44,53.8,1.15,178.15,0.0,0.0,129.42,963.63,-0.2
2024-03-09,63.1,139.42,17.67,43.22,40.14,28.71,13.83,1.06,40.7,1.64,8.96,5.89,,1.81,1.79,17.35,52.72,1.18,186.23,0.0,0.0,133.06,963.59,-0.1
2024-03-10,84.82,182.81,17.93,50.76,44.58,29.69,17.54,1.19,37.65,2.35,11.81,6.05,,2.42,2.46,17.84,50.86,0.94,183.73,0.0,0.0,124.34,960.4,-0.17
2024-03-11,87.58,189.47,21.09,48.04,45.14,32.4,16.05,1.26,40.5,2.84,14.93,6.21,,1.75,1.58,19.8,50.35,1.02,174.24,0.0,0.0,121.6,970.96,-0.22
2024-03-12,86.99,183.2,18.17,49.53,40.25,31.17,16.64,1.15,35.94,2.48,16.8,6.15,,1.87,1.74,19.98,54.18,1.12,185.17,0.0,0.0,124.83,970.34,-0.24
2024-03-13,79.11,174.84,20.41,49.78,46.04,31.49,16.43,1.18,31.83,2.15,15.14,5.97,,1.61,1.93,19.88,56.97,0.93,182.18,0.0,0.0,115.44,969.85,-0.15
2024-03-14,87.39,195.79,25.22,43.72,44.3,34.32,16.96,1.18,33.57,2.71,18.3,6.08,,2.23,2.46,20.57,55.64,1.19,179.76,0.0,0.0,125.88,971.51,-0.24
2024-03-15,46.91,128.31,15.91,38.14,34.36,28.75,15.67,0.91,33.83,1.9,10.01,6.03,,2.32,2.26,19.92,47.4,1.34,196.9,0.0,0.0,138.55,971.87,-0.21
2024-03-16,77.53,176.79,18.45,47.35,42.38,31.16,20.08,1.08,36.93,2.54,12.6,6.03,,2.12,2.5,19.78,49.49,0.95,185.16,0.0,0.0,131.77,970.32,-0.18
2024-03-17,90.98,189.97,17.89,47.53,41.86,30.34,20.44,1.11,34.66,2.73,14.63,6.01,,2.72,2.42,19.81,50.73,0.94,185.34,0.0,0.0,126.41,964.96,-0.1
2024-03-18,93.31,201.89,19.99,46.64,42.62,30.99,21.01,1.14,34.12,2.53,11.26,6.02,,2.13,2.48,20.05,51.68,1.02,190.13,0.0,0.0,142.34,966.44,-0.2
2024-03-19,108.87,234.34,31.82,50.56,54.65,32.39,21.81,1.31,35.45,2.92,14.58,6.11,,2.0,1.84,20.45,51.22,0.93,183.76,0.0,0.0,131.92,963.32,-0.25
2024-03-20,107.21,237.57,26.6,48.49,49.16,32.84,20.53,1.32,32.41,2.75,18.98,6.11,,1.92,1.76,21.35,51.43,0.98,174.86,0.0,0.0,135.81,937.15,-0.19
2024-03-21,77.94,187.64,17.59,35.52,34.17,34.7,17.96,1.08,33.12,2.18,12.12,6.04,,1.78,1.44,21.04,60.43,1.48,152.15,0.0,0.0,129.14,944.33,0.08
2024-03-22,82.31,190.42,20.74,41.47,39.85,37.76,16.61,1.34,37.44,2.25,14.16,6.21,,2.29,1.92,22.5,58.37,1.15,152.28,0.0,0.0,126.44,947.4,-0.05
2024-03-23,96.98,219.7,26.49,44.81,46.89,36.55,16.35,1.27,27.72,2.46,17.04,6.06,,2.0,2.03,23.22,53.17,1.18,175.41,0.01,0.01,141.19,949.65,-0.22
2024-03-24,85.7,215.24,21.61,37.61,38.94,35.6,17.94,1.09,22.57,2.0,12.96,6.05,,2.18,1.75,21.97,56.45,1.32,178.47,0.0,0.0,90.93,951.12,0.04
2024-03-25,98.26,176.32,15.84,29.42,29.24,35.48,18.22,1.08,26.39,1.75,5.44,6.06,,1.72,1.39,22.75,55.61,1.19,189.09,0.0,0.0,138.44,951.55,-0.24
2024-03-26,66.52,142.01,15.12,34.88,31.44,32.93,18.2,0.99,33.12,1.6,7.54,6.03,,1.76,1.79,23.71,51.03,1.1,186.6,0.01,0.0,135.11,950.51,-0.14
2024-03-27,70.8,175.5,26.51,43.48,45.31,33.69,17.47,1.14,27.75,2.17,17.03,6.16,,1.65,2.18,24.67,50.29,1.07,173.94,0.0,0.0,126.38,950.44,-0.21
2024-03-28,68.7,163.95,15.86,38.39,33.94,33.88,20.1,0.97,35.24,1.79,12.65,6.24,,2.33,2.03,25.27,48.26,1.12,176.13,0.0,0.0,130.62,958.33,-0.21
2024-03-29,85.59,203.18,15.85,40.47,35.99,35.61,21.31,1.08,40.27,2.06,12.99,6.28,,1.97,1.84,24.86,51.9,1.09,161.33,0.0,0.0,138.3,958.45,-0.21
2024-03-30,86.73,217.6,22.29,42.93,42.73,37.24,17.19,1.23,33.24,2.26,15.13,6.42,,1.71,1.89,24.93,52.74,1.25,158.53,0.0,0.0,140.03,958.18,-0.01
2024-03-31,94.89,227.54,29.08,40.96,47.13,37.37,17.85,1.18,32.8,2.32,14.04,6.29,,1.9,2.18,24.84,50.51,1.58,172.11,0.0,0.0,153.46,958.16,-0.02
2024-04-01,53.54,137.06,12.03,33.44,29.1,33.34,17.84,0.89,33.11,1.3,8.5,6.28,,2.0,1.24,24.23,50.26,1.71,193.28,0.0,0.0,144.39,959.84,0.04
2024-04-02,64.75,161.96,14.23,40.95,35.17,29.41,20.62,0.93,38.65,1.58,11.12,6.28,,1.25,1.11,27.07,43.16,1.49,186.63,0.0,0.0,164.86,960.0,0.02
2024-04-03,75.73,201.53,23.38,53.82,50.28,30.41,20.7,1.19,41.11,1.93,17.39,6.15,,1.46,1.89,28.42,41.45,1.02,164.13,0.0,0.0,142.53,962.66,-0.07
2024-04-04,64.51,185.75,24.52,49.16,49.53,30.09,19.09,1.12,38.54,1.87,18.86,6.31,,1.01,1.21,28.92,38.37,1.08,168.4,0.0,0.0,156.25,963.12,-0.15
2024-04-05,63.83,186.23,13.72,42.12,35.64,30.06,19.91,0.88,36.65,1.84,14.73,6.63,,0.97,1.06,28.85,38.35,1.39,189.55,0.0,0.0,141.96,963.97,-0.06
2024-04-06,69.93,177.19,12.62,40.22,33.04,29.59,21.39,0.91,46.87,1.86,12.91,6.18,,1.44,1.31,28.71,36.15,1.42,188.56,0.0,0.0,168.04,965.36,-0.02
2024-04-07,85.69,197.93,21.79,46.4,44.74,28.73,23.5,1.12,37.21,2.4,13.76,6.18,,1.78,1.71,28.16,36.84,1.26,185.1,0.0,0.0,164.46,965.21,-0.02
2024-04-08,89.46,211.65,25.34,51.92,50.48,28.59,24.01,1.15,38.51,2.91,16.53,6.21,,3.57,3.38,28.84,36.46,1.23,184.04,0.0,0.0,168.0,965.57,-0.12
2024-04-09,86.3,212.52,34.63,56.3,61.45,29.59,20.73,1.22,47.68,2.76,18.45,6.23,,3.26,2.16,29.27,34.74,1.04,168.1,0.0,0.0,148.66,965.87,-0.03
2024-04-10,98.22,242.28,32.83,57.37,60.29,32.29,21.81,1.33,51.35,2.73,15.32,6.47,,1.62,1.27,29.32,37.2,0.98,151.74,0.0,0.0,152.91,965.86,-0.06
2024-04-11,89.01,249.36,36.21,53.04,61.35,39.01,20.34,1.26,49.28,2.62,18.49,6.9,,1.77,1.49,29.79,38.99,1.11,161.45,0.0,0.0,136.84,966.42,0.07
2024-04-12,105.48,265.51,27.08,56.06,54.96,35.16,27.36,1.44,46.14,2.41,16.39,6.8,,1.98,1.56,30.21,37.79,0.99,156.29,0.0,0.0,137.1,966.02,0.03
2024-04-13,69.93,190.57,20.68,44.57,42.66,37.88,14.24,1.04,44.12,2.04,11.67,6.79,,2.02,1.66,29.23,43.68,1.42,167.89,0.03,0.02,111.1,966.72,-0.04
2024-04-14,64.18,149.97,14.18,38.27,35.25,43.74,14.95,1.02,31.03,1.79,18.14,6.71,,2.19,1.89,27.34,55.43,1.29,154.4,0.0,0.0,63.46,974.94,-0.02
2024-04-15,107.65,237.66,29.98,51.3,55.11,47.55,18.61,1.39,34.65,2.4,16.83,6.58,,2.74,2.57,28.75,53.92,0.88,166.4,0.0,0.0,118.45,974.62,-0.01
2024-04-16,85.7,221.17,26.84,42.07,47.2,43.24,17.07,1.06,35.39,1.87,14.11,6.8,,2.0,1.99,29.81,44.42,1.51,192.78,0.0,0.0,171.34,966.41,-0.02
2024-04-17,45.4,153.92,13.31,33.07,30.52,35.92,16.0,0.79,54.03,1.15,6.54,6.65,,1.65,1.48,29.34,38.12,1.78,193.49,0.0,0.0,187.07,965.93,-0.2
2024-04-18,56.65,191.27,18.46,40.52,39.3,33.22,17.82,0.92,43.21,1.47,9.09,6.68,,1.69,1.59,30.6,36.8,1.23,186.52,0.0,0.0,176.52,964.8,-0.21
2024-04-19,63.39,231.79,28.84,41.58,48.89,33.21,16.79,1.04,28.84,1.68,11.14,7.28,,2.39,2.72,31.34,38.96,1.27,183.52,0.0,0.0,172.44,973.36,-0.25
2024-04-20,64.05,224.79,13.2,31.86,30.24,34.71,18.05,0.86,41.47,1.41,9.58,6.84,,1.84,1.69,30.44,41.06,1.45,188.57,0.0,0.0,168.42,973.13,0.02
2024-04-21,47.43,149.42,13.46,34.83,32.22,32.62,17.67,0.91,49.23,1.0,7.75,6.72,,1.51,1.33,30.33,38.9,1.48,190.78,0.0,0.0,170.5,973.59,0.0
2024-04-22,41.23,134.36,16.52,39.07,36.31,31.93,15.18,0.96,48.66,1.73,10.1,6.78,,1.99,1.81,30.33,39.25,1.39,183.94,0.01,0.01,182.02,964.52,-0.09
2024-04-23,72.0,229.73,18.28,44.92,41.02,35.98,17.95,1.05,46.91,1.68,13.34,6.7,,3.6,2.84,29.18,43.68,1.4,174.08,0.02,0.01,160.74,964.48,-0.04
2024-04-24,70.76,182.26,24.02,45.6,45.66,36.8,17.17,1.15,43.7,1.8,13.15,6.76,,2.64,2.53,29.55,45.22,1.07,186.68,0.02,0.01,187.76,963.64,-0.04
2024-04-25,83.46,232.59,30.24,50.24,53.15,35.2,19.35,1.26,43.27,1.99,16.82,7.01,,3.06,3.26,30.67,37.17,1.22,186.38,0.01,0.01,195.29,964.02,0.0
2024-04-26,67.67,192.97,25.89,53.21,48.58,34.04,16.11,1.04,49.35,1.83,13.56,6.67,,3.2,3.07,31.06,38.53,1.15,171.17,0.01,0.0,161.88,963.13,-0.36
2024-04-27,57.91,222.57,19.58,41.03,34.96,36.82,15.25,0.9,43.23,1.74,13.53,8.48,,1.93,1.81,30.97,41.37,1.31,176.41,0.0,0.0,173.36,963.25,-0.05
2024-04-28,59.99,186.39,17.05,42.68,33.32,33.56,17.3,0.93,48.9,1.87,16.68,8.38,,1.9,1.86,30.7,37.14,1.04,165.34,0.0,0.0,155.12,963.9,0.01
2024-04-29,81.05,257.4,23.94,43.94,40.9,35.09,20.37,1.03,52.06,2.6,16.61,6.71,,2.07,1.87,30.44,41.02,1.44,167.2,0.0,0.0,168.6,963.67,0.0
2024-04-30,63.3,207.82,18.78,41.0,34.37,32.76,18.77,0.97,47.56,1.53,9.32,6.88,,1.91,2.0,29.68,36.51,1.52,182.89,0.0,0.0,198.09,964.06,0.03
2024-05-01,67.27,227.98,13.24,34.47,28.95,29.57,15.92,0.91,51.79,1.48,9.2,6.64,,1.65,1.59,27.84,32.2,1.79,195.04,0.0,0.0,195.09,963.5,0.03
2024-05-02,83.72,226.79,13.09,42.1,34.82,35.59,19.59,1.05,56.08,1.77,11.85,6.68,,2.16,2.42,28.27,34.28,1.38,191.95,0.0,0.0,191.27,963.9,-0.05
2024-05-03,134.49,311.07,16.63,50.7,43.68,36.64,25.91,1.17,52.01,2.53,14.6,5.05,,2.09,2.36,29.59,32.51,1.21,191.42,0.0,0.0,172.82,963.19,-0.3
2024-05-04,142.99,329.4,35.98,56.04,60.68,36.2,26.36,1.58,47.98,3.01,15.73,1.4,,2.53,3.1,30.66,33.59,0.92,193.06,0.0,0.0,160.05,963.0,-0.34
2024-05-05,141.79,325.25,45.2,53.74,66.96,39.11,26.14,1.63,52.72,3.53,18.12,1.57,,3.09,3.71,31.4,33.77,1.12,198.01,0.0,0.0,173.86,961.41,-0.27
2024-05-06,114.87,291.32,21.62,47.81,44.02,38.54,21.06,1.35,53.98,2.13,13.59,1.36,,2.22,2.58,31.77,35.88,1.2,184.9,0.0,0.0,176.2,960.92,-0.18
2024-05-07,152.35,364.89,26.98,56.68,54.57,40.87,24.03,1.56,52.12,3.54,19.74,3.34,,2.31,2.75,31.75,40.73,1.07,150.41,0.0,0.0,139.65,962.15,-0.04
2024-05-08,75.76,249.02,7.85,30.02,23.7,50.5,14.85,1.02,47.65,2.34,7.94,6.38,,1.67,1.51,30.72,50.69,1.84,151.51,0.0,0.0,157.2,962.62,0.33
2024-05-09,57.77,176.62,6.38,28.17,21.73,45.43,16.79,0.95,64.05,2.12,7.1,6.65,,1.61,1.31,30.47,48.29,1.84,150.53,0.0,0.0,160.98,962.65,0.31
2024-05-10,79.41,203.18,6.35,30.32,23.14,42.98,16.97,0.97,68.42,1.67,9.13,6.67,,1.6,1.38,31.03,48.07,1.86,152.41,0.01,0.01,163.32,962.83,0.29
2024-05-11,70.47,240.69,8.54,30.6,25.23,39.87,15.13,1.03,68.12,1.21,13.07,6.66,,1.62,1.4,30.6,44.44,1.46,160.76,0.0,0.0,179.59,963.6,0.2
2024-05-12,85.22,202.22,12.49,38.76,33.27,40.6,18.12,1.26,60.77,1.82,15.79,6.61,,1.91,1.44,31.07,44.64,0.95,155.82,0.0,0.0,156.25,963.45,0.23
2024-05-13,97.25,229.09,21.57,45.23,44.28,38.3,20.11,1.34,58.23,3.93,19.07,6.62,,9.81,8.81,31.58,39.71,0.96,161.23,0.0,0.0,168.87,963.38,0.2
2024-05-14,110.02,253.32,28.64,50.92,52.61,37.26,20.98,1.35,49.26,4.23,17.8,6.86,,10.66,9.68,31.59,34.98,0.9,177.89,0.0,0.0,172.38,964.34,0.1
2024-05-15,125.39,276.52,38.48,59.01,66.03,36.64,25.95,1.58,53.31,3.22,20.3,6.68,,3.06,2.78,31.66,33.79,0.81,162.12,0.0,0.0,174.61,964.21,0.14
2024-05-16,107.1,263.16,21.12,51.74,48.05,37.91,21.69,1.48,56.31,3.08,20.99,6.56,,2.56,2.36,32.22,36.64,0.88,137.88,0.0,0.0,165.04,963.78,0.12
2024-05-17,91.71,252.63,31.63,52.62,56.78,41.05,18.48,1.6,49.62,2.74,20.31,6.8,,3.2,3.57,33.57,35.7,0.84,175.61,0.02,0.01,162.9,962.39,0.01
2024-05-18,109.49,296.53,34.79,46.6,56.13,42.02,23.87,1.55,46.85,2.75,16.57,6.72,,2.51,2.34,33.65,34.95,1.06,185.22,0.0,0.0,157.95,961.58,0.1
2024-05-19,95.55,266.78,16.96,39.57,38.42,40.59,23.34,1.33,51.06,2.09,13.16,6.49,,2.34,1.68,34.6,31.97,1.22,180.42,0.0,0.0,178.78,960.15,0.1
2024-05-20,85.18,266.87,19.77,40.62,40.72,41.15,21.88,1.27,47.12,2.24,14.51,6.5,,2.21,1.87,34.15,33.97,1.16,175.51,0.0,0.0,173.8,961.53,0.24
2024-05-21,82.43,275.65,11.19,35.24,31.21,49.5,19.0,1.2,52.69,2.06,12.04,6.33,,2.27,1.54,32.85,44.11,1.35,142.67,0.0,0.0,178.42,961.23,0.45
2024-05-22,71.17,208.76,9.64,28.77,25.92,53.91,15.37,1.19,55.69,1.8,8.45,6.44,,2.04,1.33,33.15,46.24,1.8,148.18,0.0,0.0,169.02,961.07,0.27
2024-05-23,54.2,154.55,9.63,29.71,26.06,55.94,13.35,0.99,50.09,1.34,6.59,6.6,,2.02,1.18,32.85,46.52,1.87,145.04,0.0,0.0,157.83,962.06,0.19
2024-05-24,54.5,145.4,10.35,27.7,25.51,55.9,14.23,1.01,55.82,1.45,6.86,7.09,,2.01,1.66,33.12,45.57,1.52,157.42,0.0,0.0,167.16,961.87,0.1
2024-05-25,69.05,187.28,12.55,33.93,31.12,49.37,15.96,1.06,54.81,1.68,10.41,7.74,,2.2,1.43,34.2,40.78,1.12,171.79,0.0,0.0,156.01,960.95,0.15
2024-05-26,77.73,206.44,24.14,42.69,45.56,38.61,23.99,1.34,61.19,1.88,14.27,10.21,,2.3,1.61,34.21,35.65,1.07,156.43,0.0,0.0,174.89,960.34,0.08
2024-05-27,94.89,258.87,27.77,49.98,52.78,37.01,23.45,1.55,56.81,2.47,20.14,7.65,,2.54,2.3,35.54,36.14,0.98,160.51,0.0,0.0,162.1,959.25,0.01
2024-05-28,95.84,265.4,37.51,57.99,65.1,35.41,23.61,1.67,57.11,2.85,21.04,6.57,,4.23,4.83,38.72,34.48,1.02,170.48,0.0,0.0,166.79,958.58,0.03
2024-05-29,72.23,269.59,23.01,47.46,46.86,37.33,16.14,1.29,45.7,2.21,11.76,6.39,,2.99,2.73,38.78,35.32,1.2,172.91,0.0,0.0,155.43,958.79,0.12
2024-05-30,67.58,225.0,18.11,40.17,38.11,36.32,16.44,1.1,52.6,1.81,13.47,6.3,,2.64,1.96,39.35,33.24,1.28,181.97,0.0,0.0,172.61,959.87,0.07
2024-05-31,71.88,229.62,24.61,44.96,46.64,36.58,18.3,1.31,52.4,2.63,13.78,6.25,,6.58,5.5,38.77,35.11,1.2,168.6,0.0,0.0,168.27,960.76,0.4
2024-06-01,75.84,277.21,21.39,39.28,40.35,35.41,16.74,1.12,40.45,1.82,13.81,6.14,,2.06,2.26,38.16,33.75,1.45,187.48,0.0,0.0,127.75,961.46,0.45
2024-06-02,48.36,153.07,13.3,31.2,29.87,35.01,16.39,0.96,56.61,1.04,8.61,6.04,,1.44,1.13,37.74,35.95,1.18,174.38,0.0,0.0,161.67,961.93,0.3
2024-06-03,62.14,194.3,18.81,34.88,35.8,33.74,17.49,1.17,53.52,1.37,10.61,6.2,,1.6,1.56,37.18,35.8,1.23,187.98,0.0,0.0,164.53,961.52,0.57
2024-06-04,78.23,257.21,15.1,38.69,34.99,35.07,17.19,1.24,57.5,1.6,12.87,6.4,,1.58,1.62,35.83,38.77,1.18,163.46,0.0,0.0,134.5,961.77,0.05
2024-06-05,75.78,288.53,20.53,30.92,35.27,37.54,15.67,1.08,39.0,1.38,8.95,6.22,,1.53,1.24,36.45,36.65,1.65,183.5,0.01,0.01,150.4,961.89,0.3
2024-06-06,57.22,164.75,10.92,32.26,28.4,36.77,14.74,1.07,61.25,1.09,10.73,7.76,,1.26,1.03,33.72,43.99,1.52,165.75,0.0,0.0,170.97,963.32,0.1
2024-06-07,63.86,275.67,9.96,28.9,26.17,35.09,16.45,0.99,56.34,1.12,9.59,6.03,,1.26,1.03,35.44,35.91,1.35,195.71,0.01,0.0,176.35,962.24,0.08
2024-06-08,62.91,253.78,9.68,26.99,24.84,34.7,17.72,1.06,58.63,1.28,7.85,4.63,,1.21,0.98,35.44,35.86,1.59,194.58,0.0,0.0,167.81,961.86,0.33
2024-06-09,54.83,177.38,11.0,34.82,30.11,32.3,19.86,1.12,65.65,1.35,8.45,5.72,,1.3,1.03,35.39,33.54,1.32,190.45,0.0,0.0,186.42,961.81,0.38
2024-06-10,54.87,176.87,12.17,34.96,31.23,31.58,19.54,1.14,73.08,1.38,10.25,5.88,,1.51,1.27,36.33,31.88,1.29,190.94,0.0,0.0,182.24,961.36,0.38
2024-06-11,87.44,260.98,25.17,50.14,49.44,31.94,28.98,1.31,57.25,2.12,13.19,6.04,,1.6,1.46,36.22,32.36,1.14,191.06,0.0,0.0,169.48,959.34,0.49
2024-06-12,69.13,227.93,29.25,48.67,52.36,30.22,20.01,1.34,56.5,1.94,13.69,6.18,,1.97,2.05,36.52,32.59,1.14,194.09,0.0,0.0,177.26,960.45,0.3
2024-06-13,54.84,212.02,14.78,35.63,33.84,30.76,16.82,1.04,54.7,1.29,11.02,6.03,,1.46,1.34,37.7,31.93,1.69,194.93,0.0,0.0,185.44,960.35,0.34
2024-06-14,48.32,237.16,8.98,25.95,23.3,29.19,15.69,0.9,50.65,0.92,6.87,5.96,,1.33,1.12,36.89,35.15,2.13,200.05,0.0,0.0,166.75,960.37,0.34
2024-06-15,46.49,199.49,9.69,28.28,24.97,29.01,15.64,1.02,47.48,0.94,5.38,5.98,,1.45,1.26,37.08,34.86,1.89,197.27,0.0,0.0,185.66,960.33,0.03
2024-06-16,56.59,216.9,12.19,30.98,28.59,28.13,19.88,1.04,44.39,1.1,5.5,5.96,,1.5,1.28,37.47,34.73,1.56,197.12,0.0,0.0,176.59,960.49,0.02
2024-06-17,55.47,199.11,13.16,31.26,29.4,29.1,20.24,0.99,41.99,1.22,6.33,6.2,,1.54,1.31,37.51,34.35,1.58,193.48,0.0,0.0,179.02,958.76,0.08
2024-06-18,71.99,312.66,14.37,29.22,29.29,29.7,18.23,0.99,28.01,1.03,5.73,6.13,,1.22,1.06,37.97,37.1,1.75,197.53,0.0,0.0,170.96,958.37,0.15
2024-06-19,66.41,314.61,13.54,26.06,27.46,29.65,15.83,0.88,32.08,0.93,5.66,6.71,,1.21,1.16,37.67,38.48,2.03,187.94,0.0,0.0,158.52,948.06,0.11
2024-06-20,45.45,149.54,10.01,26.58,25.02,29.27,14.28,0.86,59.49,0.97,8.6,6.24,,2.15,1.55,33.6,48.86,1.52,154.54,0.0,0.0,130.13,949.73,0.09
2024-06-21,64.54,182.33,13.69,32.14,30.93,32.12,14.71,1.08,36.06,1.63,11.76,6.09,,1.92,2.15,32.08,59.62,1.27,161.29,0.09,0.06,117.44,950.8,0.1
2024-06-22,90.71,193.11,20.03,36.38,39.01,44.19,13.89,1.1,41.27,1.99,12.43,6.21,,1.8,2.34,33.48,56.01,1.0,154.69,0.01,0.0,144.47,959.47,0.16
2024-06-23,63.26,136.37,13.52,30.45,30.56,46.31,14.22,1.0,39.99,1.31,6.46,6.41,,1.48,1.65,33.92,56.04,1.02,146.03,0.01,0.01,140.5,959.94,0.15
2024-06-24,59.61,141.44,16.05,32.5,33.85,48.53,13.07,1.02,34.73,1.42,8.1,6.48,,4.1,2.46,33.38,60.4,1.07,155.31,0.02,0.01,120.31,959.61,0.23
2024-06-25,68.32,143.82,14.63,27.72,29.31,50.21,12.64,0.99,38.15,1.24,10.81,6.5,,1.75,2.03,33.91,59.89,0.96,152.52,0.0,0.0,136.03,958.34,0.28
2024-06-26,53.45,120.39,11.02,26.33,25.4,44.23,12.66,1.05,32.08,1.24,7.92,6.3,,1.59,1.92,33.37,60.49,1.25,152.71,0.01,0.0,108.37,966.98,0.23
2024-06-27,30.29,66.42,11.23,23.43,24.29,42.7,11.57,0.86,25.73,0.97,4.31,6.25,,1.14,1.37,31.34,69.55,1.64,142.7,0.1,0.06,130.09,969.45,0.19
2024-06-28,42.76,91.19,12.96,26.35,27.39,41.57,12.52,0.96,28.71,1.22,5.74,6.14,,1.15,1.45,30.18,77.71,1.19,159.38,0.8,0.43,88.44,969.92,-0.33
2024-06-29,74.64,119.3,18.36,28.82,33.26,40.2,10.6,0.99,27.98,1.44,8.62,6.35,,1.34,1.8,31.3,75.67,1.08,164.4,0.04,0.02,134.38,968.47,-0.06
2024-06-30,62.75,134.54,18.81,23.11,31.3,40.76,11.38,0.94,31.51,1.04,8.52,6.51,,1.15,1.21,33.26,69.1,0.91,160.44,0.0,0.0,163.56,958.51,0.04
2024-07-01,36.49,96.52,16.79,25.01,30.25,40.58,11.7,0.85,35.84,0.91,7.49,6.38,,1.52,1.34,33.09,65.29,0.93,190.36,0.0,0.0,135.78,957.62,-0.03
2024-07-02,42.7,120.23,17.6,26.5,31.3,35.29,11.07,0.9,32.18,1.0,9.26,6.15,,1.56,1.53,33.33,65.7,0.88,183.53,0.0,0.0,116.95,956.97,-0.12
2024-07-03,35.5,95.67,17.55,27.1,32.35,37.0,11.39,0.95,26.3,1.3,8.93,5.83,,1.34,1.68,30.89,76.42,1.14,158.84,0.06,0.04,75.07,958.67,-0.43
2024-07-04,27.08,62.16,15.69,23.71,27.84,39.07,11.98,0.91,26.0,1.12,9.69,5.89,,1.62,2.02,30.87,77.75,0.9,137.97,0.03,0.02,93.6,959.54,-0.29
2024-07-05,28.68,70.27,12.93,23.51,24.73,37.11,12.21,0.93,25.11,1.08,9.62,5.4,,1.66,2.02,31.28,75.94,1.23,134.38,0.01,0.0,119.53,958.29,-0.14
2024-07-06,23.93,62.57,15.99,20.44,24.15,35.74,11.66,0.9,27.57,1.1,11.63,5.06,,1.72,1.73,31.34,74.79,1.17,142.0,0.01,0.01,109.49,957.99,-0.13
2024-07-07,12.02,43.65,16.36,20.92,27.86,35.27,11.45,0.81,27.63,1.04,13.15,4.99,,1.44,1.55,31.56,68.1,1.46,138.27,0.0,0.0,158.16,959.34,-0.17
2024-07-08,21.77,61.66,15.08,22.96,27.55,33.09,12.69,0.84,26.52,1.68,17.03,5.64,,1.68,1.7,30.17,74.73,1.49,141.39,0.0,0.0,137.89,960.91,-0.42
2024-07-09,43.27,100.44,21.3,31.95,37.22,31.73,12.07,1.07,27.98,2.01,23.59,6.69,,1.7,2.08,30.93,78.15,0.8,146.31,0.14,0.08,88.0,960.23,-0.47
2024-07-10,60.78,135.14,23.94,33.89,40.59,32.93,11.03,1.12,30.44,2.42,27.28,6.97,,1.92,2.63,32.12,74.2,0.83,156.71,0.02,0.01,123.13,960.04,-0.57
2024-07-11,51.86,125.62,19.15,29.67,34.34,36.53,10.68,0.95,37.04,2.28,20.94,6.93,,1.72,2.32,33.99,65.63,0.88,158.38,0.0,0.0,175.07,957.41,-0.24
2024-07-12,28.2,102.66,14.77,30.14,31.29,40.19,11.32,0.8,33.71,1.37,15.65,7.9,,1.49,1.69,32.56,61.16,1.19,191.08,0.0,0.0,103.11,958.09,-0.14
2024-07-13,38.42,100.1,14.13,35.13,32.98,37.32,11.15,0.95,36.29,1.96,22.13,5.73,,1.63,2.13,31.67,69.97,0.87,165.02,0.11,0.07,134.61,958.51,-0.38
2024-07-14,49.22,118.02,15.85,33.86,33.73,38.21,12.26,0.94,39.81,1.81,20.91,5.87,,1.76,2.3,33.27,65.44,0.68,153.36,0.0,0.0,142.72,957.95,-0.15
2024-07-15,45.87,101.52,14.28,30.51,30.85,38.66,12.51,0.95,31.05,2.1,24.08,5.71,,1.44,1.88,32.35,70.7,0.96,138.56,0.09,0.04,121.09,959.58,-0.08
2024-07-16,43.79,98.45,13.46,25.51,27.18,39.96,10.35,0.87,31.1,1.76,16.57,6.11,,0.91,1.39,33.74,66.02,1.16,139.98,0.0,0.0,161.66,959.36,0.01
2024-07-17,36.01,87.03,10.68,25.67,24.51,39.69,11.76,0.85,29.38,1.68,16.42,5.99,,1.18,1.35,33.41,67.31,1.08,147.55,0.03,0.02,133.37,959.35,-0.01
2024-07-18,43.12,101.02,14.27,32.15,31.01,38.49,11.74,1.02,24.98,1.73,22.42,5.97,,1.32,1.5,31.98,74.47,0.85,154.86,0.06,0.04,94.07,959.48,-0.23
2024-07-19,65.34,136.63,22.27,30.77,37.25,39.66,11.14,1.04,27.57,1.89,15.41,6.04,,1.36,1.93,32.35,73.55,0.93,153.54,0.0,0.0,122.53,958.89,-0.14
2024-07-20,48.78,103.35,13.18,25.94,27.11,43.0,11.72,0.86,29.92,1.54,14.56,5.97,,1.14,1.25,33.25,66.93,0.86,149.24,0.0,0.0,153.38,948.22,-0.03
2024-07-21,42.02,92.4,13.51,25.87,27.24,38.84,11.62,0.86,25.22,1.46,13.82,5.99,,1.29,1.59,33.12,69.6,1.14,146.26,0.03,0.02,126.11,948.18,-0.11
2024-07-22,34.87,83.39,13.89,27.9,28.42,38.81,11.95,0.96,25.24,1.61,15.45,6.25,,1.45,1.88,31.9,75.75,0.96,148.95,0.11,0.07,99.54,948.59,-0.34
2024-07-23,43.09,96.39,13.51,29.15,28.69,39.07,11.29,0.95,26.01,1.9,20.29,6.24,,1.54,2.11,32.33,75.03,0.87,146.43,0.03,0.02,121.78,958.62,-0.2
2024-07-24,47.16,94.47,12.11,30.93,28.58,42.36,11.73,1.0,30.39,2.0,20.4,5.69,,1.58,1.75,31.71,78.16,0.68,173.55,0.18,0.11,104.7,957.54,-0.41
2024-07-25,38.47,86.73,12.48,29.3,27.62,44.05,11.66,0.94,31.01,0.92,8.42,5.79,,1.4,1.13,32.51,73.64,0.71,157.01,0.07,0.05,142.68,946.7,-0.36
2024-07-26,49.2,98.7,15.17,31.87,31.81,41.93,11.2,1.04,33.91,1.14,13.85,6.0,,1.47,1.47,31.98,77.71,0.67,170.89,0.17,0.11,97.83,947.39,-0.44
2024-07-27,44.15,98.32,17.06,30.69,32.53,38.36,10.8,1.0,29.42,1.24,15.07,5.92,,1.51,1.43,32.54,76.1,0.74,161.27,0.05,0.03,122.38,947.34,-0.3
2024-07-28,29.19,73.49,15.83,27.53,29.57,39.69,11.04,0.84,29.14,1.12,13.2,6.22,,1.21,1.25,33.61,68.98,0.97,149.19,0.01,0.01,159.61,947.36,-0.18
2024-07-29,32.72,78.69,11.05,26.33,25.13,42.06,12.15,0.8,30.76,0.91,10.35,6.14,,1.11,1.04,33.92,64.2,1.11,146.55,0.0,0.0,161.83,947.29,-0.02
2024-07-30,41.04,93.01,12.51,28.34,27.37,37.96,11.59,0.9,32.99,3.89,13.85,5.82,,1.33,1.18,34.42,65.19,0.91,155.53,0.02,0.01,160.09,947.7,0.1
2024-07-31,33.36,83.07,16.43,28.16,30.85,39.9,12.43,0.84,30.86,2.28,10.56,5.91,,1.25,1.07,32.95,72.38,1.04,192.31,0.4,0.25,110.62,947.89,-0.04
2024-08-01,20.8,40.82,12.57,28.23,27.2,38.09,13.04,0.85,32.5,1.07,10.08,5.97,,2.27,1.87,30.87,78.4,0.77,162.64,0.16,0.09,120.45,948.91,-0.2
2024-08-02,33.0,68.82,14.67,29.31,29.49,32.53,14.27,0.92,27.47,2.8,14.55,5.76,,8.38,8.22,31.35,79.0,0.83,142.77,0.07,0.04,102.18,948.13,-0.23
2024-08-03,22.99,60.15,12.98,24.51,25.35,32.8,15.22,0.77,27.73,0.93,9.12,5.69,,1.42,1.23,31.98,72.14,1.33,152.07,0.01,0.01,153.78,948.34,-0.05
2024-08-04,18.45,54.72,12.83,22.94,24.42,34.96,15.16,0.72,26.99,0.87,11.03,5.68,,1.34,1.28,32.03,68.13,1.56,140.74,0.02,0.01,150.07,948.9,-0.05
2024-08-05,20.79,53.77,11.34,22.73,23.06,32.16,14.03,0.79,27.62,0.8,10.86,5.82,,1.1,0.93,31.47,71.88,1.94,143.3,0.0,0.0,113.62,949.18,-0.04
2024-08-06,22.64,55.27,13.68,24.46,26.15,31.43,12.43,0.78,26.26,0.78,7.27,5.67,,1.24,1.07,31.85,71.14,1.08,175.85,0.0,0.0,146.9,948.93,-0.05
2024-08-07,18.27,46.74,14.65,24.8,27.25,30.67,13.91,0.78,22.35,0.9,8.92,5.78,,1.32,1.12,30.28,80.28,0.91,167.35,0.1,0.06,73.97,948.54,-0.06
2024-08-08,21.19,48.74,14.28,23.89,26.37,30.54,12.5,0.76,24.45,0.95,11.45,5.76,,1.21,1.06,30.83,79.06,1.05,144.95,0.09,0.06,126.48,949.23,-0.11
2024-08-09,26.17,53.39,14.75,25.12,27.49,29.88,12.3,0.8,24.6,1.06,15.74,5.71,,1.28,1.21,30.85,80.24,0.98,144.94,0.16,0.09,113.7,960.59,-0.06
2024-08-10,33.05,71.95,18.52,28.32,31.89,29.76,12.75,0.92,24.09,1.14,18.36,5.64,,0.99,1.07,30.71,82.84,0.74,153.59,0.04,0.02,91.53,959.47,-0.07
2024-08-11,27.41,53.48,17.86,26.59,30.48,32.44,12.39,0.86,23.26,1.06,17.27,5.64,,1.0,1.08,30.02,85.59,0.77,164.2,0.25,0.14,69.86,959.46,-0.16
2024-08-12,28.74,57.3,18.53,29.04,32.82,33.46,13.15,0.9,22.85,1.18,24.43,5.68,,1.3,1.26,30.14,84.47,0.8,155.92,0.16,0.09,69.48,959.49,-0.29
2024-08-13,24.89,48.93,19.83,29.91,34.76,32.17,12.85,0.97,24.13,1.18,19.9,5.69,,1.33,1.51,30.76,82.61,0.83,156.3,0.12,0.07,112.93,958.96,-0.18
2024-08-14,35.01,81.28,18.79,28.69,33.31,32.12,14.48,0.96,23.67,1.32,20.22,5.67,,1.75,1.66,31.84,77.63,0.83,160.46,0.01,0.01,140.81,958.14,-0.22
2024-08-15,27.25,60.99,13.57,23.59,26.27,35.46,12.29,0.92,24.01,0.95,18.2,5.67,,1.45,1.14,31.42,79.88,0.85,161.96,0.05,0.03,98.81,960.76,-0.15
2024-08-16,22.02,58.4,16.86,28.2,32.33,36.21,13.78,1.07,24.35,1.02,12.84,5.73,,1.3,1.18,31.82,75.69,1.02,161.53,0.03,0.02,148.65,960.4,-0.2
2024-08-17,30.84,78.28,19.74,31.1,36.19,34.17,12.26,1.23,28.89,1.16,18.06,6.09,,1.84,1.73,31.64,76.64,0.67,184.21,0.06,0.04,105.84,960.51,-0.13
2024-08-18,29.76,81.87,19.8,27.4,33.33,31.41,11.23,0.93,26.76,1.18,15.06,5.75,,1.45,1.24,32.0,75.67,0.78,202.79,0.05,0.03,113.44,960.03,-0.1
2024-08-19,27.61,76.09,22.25,26.46,34.72,34.61,10.6,0.9,25.77,0.93,10.98,5.69,,1.59,1.1,32.02,74.35,0.8,204.8,0.02,0.01,137.29,959.53,-0.22
2024-08-20,23.16,57.3,15.53,28.6,30.26,33.77,11.66,0.9,27.99,1.1,11.67,5.66,,2.01,1.46,30.47,79.66,0.64,191.95,0.27,0.16,84.13,960.22,-0.14
2024-08-21,29.08,77.48,16.7,29.99,32.13,30.75,11.13,0.87,33.36,1.03,11.3,5.64,,1.76,1.48,31.98,70.66,0.67,183.1,0.07,0.02,159.37,959.1,-0.02
2024-08-22,28.67,81.84,14.32,26.22,28.1,28.74,11.94,0.82,30.97,0.96,9.94,5.75,,1.47,1.35,32.35,69.45,0.79,201.07,0.18,0.02,157.88,958.93,0.01
2024-08-23,28.0,71.31,16.83,29.86,31.75,27.13,10.88,1.02,26.48,1.27,15.2,5.91,,1.55,1.88,30.08,79.67,0.63,184.5,0.13,0.08,63.73,959.93,-0.05
2024-08-24,48.08,105.4,18.68,29.84,33.36,26.99,10.34,1.03,33.91,1.61,21.52,6.09,,1.58,2.03,31.4,76.89,0.64,146.34,0.02,0.01,112.75,959.17,-0.15
2024-08-25,26.99,63.9,11.47,24.63,24.62,28.2,9.55,0.89,29.15,0.89,14.79,5.82,,1.45,1.3,30.66,68.8,1.31,146.01,0.03,0.02,133.96,957.47,-0.09
2024-08-26,28.92,64.78,10.82,23.3,23.33,29.39,9.82,0.73,31.92,0.82,8.34,5.82,,1.21,1.3,31.29,71.19,1.37,151.8,0.02,0.01,130.72,958.46,-0.11
2024-08-27,20.88,51.27,12.12,24.87,25.37,30.12,9.84,0.81,27.49,0.91,9.41,6.04,,1.6,1.47,30.72,74.18,1.39,155.25,0.03,0.02,134.99,960.79,-0.16
2024-08-28,22.62,52.52,13.24,25.62,26.71,29.44,10.59,0.86,28.69,1.03,11.95,5.9,,1.48,1.63,30.42,76.59,0.99,158.46,0.11,0.07,130.95,960.91,-0.0
2024-08-29,27.2,55.91,21.43,27.42,34.03,29.59,10.7,1.06,26.09,1.28,12.72,5.96,,1.55,1.54,29.31,83.97,1.0,165.29,0.38,0.25,65.55,961.37,-0.09
2024-08-30,48.61,108.69,28.45,33.31,42.99,30.88,11.63,1.27,32.1,1.75,20.03,6.76,,2.16,1.92,31.27,74.84,0.84,174.16,0.17,0.11,152.69,961.47,-0.08
2024-08-31,38.99,91.95,13.99,25.83,27.64,30.75,11.11,0.87,24.88,1.19,12.99,7.26,,1.99,1.61,32.18,70.84,0.94,195.88,0.0,0.0,167.22,960.95,-0.06
2024-09-01,40.36,97.64,12.38,24.52,25.83,31.68,11.73,0.89,28.02,1.07,11.33,6.8,,1.97,1.63,32.54,69.42,0.89,176.21,0.0,0.0,157.28,960.88,-0.05
2024-09-02,33.02,78.63,12.01,25.1,25.59,31.8,11.39,0.87,26.91,1.01,10.06,6.83,,1.96,1.5,31.19,73.6,1.0,152.24,0.11,0.07,94.87,961.67,-0.02
2024-09-03,33.84,82.42,12.23,24.69,25.2,31.33,11.43,0.9,27.36,1.19,16.57,7.03,,2.03,1.61,31.94,70.51,1.07,154.39,0.02,0.01,142.87,961.5,0.01
2024-09-04,23.63,53.93,18.69,27.38,32.37,29.65,11.62,1.04,18.69,1.45,15.34,6.63,,2.45,1.85,29.42,82.83,0.81,173.65,0.19,0.11,74.33,961.7,-0.19
2024-09-05,40.48,85.75,18.22,32.62,35.04,30.6,12.88,1.09,29.68,1.69,17.09,6.75,,2.84,2.0,30.58,76.1,0.69,174.98,0.05,0.03,132.49,959.85,-0.15
2024-09-06,30.1,77.79,20.9,29.52,35.88,30.3,12.33,0.93,22.49,1.45,15.7,6.68,,2.67,1.96,30.08,78.67,0.95,159.66,0.03,0.02,121.92,960.35,-0.05
2024-09-07,28.16,63.5,15.84,30.81,31.9,28.35,12.38,0.94,22.64,1.35,16.42,6.66,,2.37,1.75,29.99,79.24,0.72,164.57,0.03,0.02,114.36,961.23,-0.08
2024-09-08,50.66,103.01,19.35,29.18,33.57,30.27,12.08,1.08,16.73,1.56,17.9,6.67,,2.44,1.76,29.9,84.11,0.65,180.99,0.0,0.0,58.59,961.49,-0.21
2024-09-09,49.21,105.32,20.48,29.74,34.65,31.06,11.66,1.05,21.29,1.43,14.33,6.8,,2.31,1.7,31.15,77.74,0.64,182.79,0.02,0.01,130.13,960.97,-0.23
2024-09-10,42.74,94.83,23.04,30.47,37.46,30.8,11.37,1.07,30.67,1.63,15.1,6.57,,2.6,2.0,30.54,77.21,0.75,158.12,0.11,0.07,119.24,961.27,-0.21
2024-09-11,34.2,83.57,22.69,28.78,36.32,33.03,12.42,1.12,20.76,1.92,21.29,6.5,,2.49,1.97,30.19,77.05,0.64,160.32,0.01,0.01,98.57,970.77,-0.07
2024-09-12,17.07,35.66,12.75,21.32,24.2,31.59,11.74,0.78,18.49,1.26,14.12,6.46,,2.18,1.83,28.68,82.74,1.12,154.45,0.15,0.1,61.24,971.15,-0.02
2024-09-13,18.15,34.44,12.61,25.36,25.87,29.28,12.06,0.9,20.33,1.24,14.95,6.75,,2.2,1.73,27.72,86.14,0.94,186.94,0.43,0.25,41.04,971.82,-0.3
2024-09-14,30.24,83.03,14.3,25.34,27.34,27.42,11.34,0.97,21.44,1.13,14.14,6.45,,2.48,2.17,29.34,80.08,0.83,188.25,0.05,0.03,112.49,961.78,-0.29
2024-09-15,41.64,123.93,19.38,27.95,33.61,28.25,10.21,0.93,21.05,1.32,14.83,6.36,,2.56,1.98,30.25,74.82,0.83,189.03,0.0,0.0,131.05,961.59,-0.11
2024-09-16,50.16,165.73,25.11,29.7,39.36,27.81,10.81,1.09,23.47,1.58,16.84,6.45,,2.83,2.12,30.62,73.42,0.97,194.79,0.0,0.0,148.82,962.16,-0.1
2024-09-17,57.41,163.97,24.84,31.46,39.76,29.69,11.05,1.03,28.19,1.59,17.91,6.69,,2.33,1.91,30.84,72.38,0.73,191.03,0.05,0.03,136.57,962.58,-0.15
2024-09-18,37.12,83.93,18.84,32.45,34.89,30.35,10.72,0.94,23.98,1.48,18.82,6.57,,2.3,1.92,28.4,82.03,1.0,157.45,0.05,0.03,63.5,963.05,-0.06
2024-09-19,34.39,75.76,17.17,30.02,31.98,29.76,10.34,0.94,24.56,1.31,17.06,6.6,,2.38,2.0,29.14,81.57,0.93,160.12,0.04,0.02,93.57,962.68,-0.05
2024-09-20,33.9,109.84,27.88,34.16,43.8,29.37,11.87,1.02,27.06,1.44,14.46,6.65,,2.66,2.25,30.81,73.53,0.77,173.9,0.0,0.0,149.09,962.0,-0.08
2024-09-21,46.5,127.11,24.67,34.6,40.58,31.33,12.42,1.08,33.07,1.33,14.33,6.66,,2.72,2.27,31.42,72.03,0.69,172.92,0.0,0.0,131.31,962.64,-0.05
2024-09-22,74.97,167.1,23.38,32.11,37.98,33.9,11.63,1.05,30.07,1.33,16.18,6.62,,2.39,1.97,31.86,72.55,0.72,187.0,0.0,0.0,130.41,962.62,-0.07
2024-09-23,81.72,171.36,16.28,31.75,31.72,34.33,12.54,1.06,30.98,1.28,18.42,6.59,,2.2,1.83,31.89,72.9,0.71,194.24,0.0,0.0,125.56,972.33,-0.03
2024-09-24,98.74,205.51,18.18,35.98,33.75,33.69,13.35,1.15,33.1,1.44,20.08,5.1,,2.14,1.83,32.48,72.54,0.63,177.58,0.0,0.0,113.36,961.84,-0.01
2024-09-25,82.58,180.72,19.66,35.18,36.01,32.3,13.04,1.02,28.64,1.56,14.44,4.8,,2.22,1.57,31.95,72.38,1.0,166.84,0.0,0.0,110.54,962.09,-0.02
2024-09-26,28.48,77.37,15.97,26.62,29.0,29.22,11.78,1.0,25.28,1.46,11.69,6.63,,2.3,1.86,31.16,73.19,1.07,161.99,0.01,0.01,110.41,962.26,-0.01
2024-09-27,17.74,62.03,16.67,26.1,27.16,29.48,10.78,0.87,25.36,1.5,9.27,6.71,,2.47,2.04,30.94,69.48,1.34,160.97,0.0,0.0,131.43,961.12,0.03
2024-09-28,22.65,61.32,11.7,26.24,25.07,28.96,12.73,0.92,30.06,1.34,9.51,6.56,,2.78,2.23,30.09,71.71,0.97,161.35,0.0,0.0,119.47,962.09,0.03
2024-09-29,32.82,77.03,13.22,26.94,26.92,27.01,12.17,1.03,31.34,1.57,15.38,7.04,,3.11,2.43,30.51,73.31,0.81,156.46,0.0,0.0,120.72,963.83,-0.02
2024-09-30,64.06,147.78,16.52,29.85,31.1,28.21,12.45,1.09,31.31,1.77,15.56,7.05,,3.08,2.49,30.96,73.18,0.88,196.07,0.0,0.0,123.1,963.5,-0.08
2024-10-01,68.38,164.02,15.89,30.58,31.05,29.59,13.65,1.22,35.09,1.65,16.78,7.15,,3.21,2.76,31.37,71.92,0.89,194.88,0.0,0.0,135.05,962.34,-0.14
2024-10-02,71.19,197.96,29.96,36.18,45.97,30.24,14.71,1.35,30.25,1.91,17.85,7.29,,3.42,2.93,31.8,66.16,0.84,193.98,0.0,0.0,132.65,962.11,-0.11
2024-10-03,58.39,191.63,31.47,37.87,47.25,29.25,13.95,1.33,30.18,1.92,15.64,7.14,,3.2,2.72,31.37,62.88,0.83,191.55,0.0,0.0,138.85,951.76,-0.18
2024-10-04,62.22,188.33,39.83,38.87,54.86,33.13,12.96,1.52,29.21,1.96,21.37,7.21,,2.91,2.53,31.24,66.73,0.88,188.29,0.0,0.0,136.16,951.85,-0.25
2024-10-05,45.14,153.89,31.09,33.42,45.4,33.64,12.93,1.19,25.98,1.83,16.2,7.11,,2.87,2.51,31.32,65.5,0.96,195.45,0.01,0.0,132.59,952.63,-0.42
2024-10-06,46.24,145.34,21.54,31.83,36.17,31.3,13.32,1.06,32.62,1.79,19.36,7.15,,2.98,2.6,31.22,61.83,0.9,181.15,0.01,0.0,121.99,953.96,-0.61
2024-10-07,52.75,144.17,16.29,31.11,31.44,29.76,13.26,1.1,29.8,1.76,17.75,7.33,,3.15,2.69,30.6,63.55,0.83,189.59,0.0,0.0,133.16,954.5,-0.66
2024-10-08,73.32,187.37,16.69,34.05,33.63,29.91,12.87,1.22,34.19,2.05,24.16,7.17,,2.75,2.42,30.62,61.65,0.79,193.0,0.0,0.0,127.07,954.36,-1.0
2024-10-09,68.33,158.45,13.9,34.86,32.23,31.07,13.84,1.23,35.67,1.89,19.98,7.64,,2.61,2.36,30.26,62.64,0.85,200.1,0.0,0.0,125.06,964.09,-1.27
2024-10-10,51.62,145.51,13.01,33.85,30.82,31.17,12.93,1.12,36.1,1.85,19.33,7.29,,2.62,2.35,30.03,58.76,0.88,204.38,0.0,0.0,126.19,963.82,-1.06
2024-10-11,60.74,155.71,17.49,40.39,35.31,31.21,12.63,1.25,38.82,1.99,19.83,7.11,,2.63,2.36,29.25,60.17,0.91,203.04,0.0,0.0,128.84,963.91,-0.4
2024-10-12,74.79,189.63,39.17,47.52,57.57,30.63,12.53,1.45,35.53,2.36,20.55,7.1,,2.64,2.36,29.27,59.43,0.72,196.51,0.0,0.0,118.93,964.05,-0.08
2024-10-13,99.21,225.32,59.36,52.93,77.61,31.35,14.27,1.7,32.65,2.69,23.08,7.14,,2.71,2.39,29.21,57.91,0.58,192.75,0.0,0.0,102.91,964.26,-0.06
2024-10-14,105.39,245.27,59.3,52.05,71.7,35.64,13.89,1.68,32.32,2.72,27.19,4.79,,3.0,2.63,28.98,55.94,0.7,193.81,0.0,0.0,112.43,964.53,-0.04
2024-10-15,90.06,229.1,39.6,51.33,60.93,35.52,13.04,1.48,34.32,2.74,26.93,2.53,,3.01,2.63,28.86,56.6,0.74,199.28,0.0,0.0,115.24,964.4,-0.04
2024-10-16,104.14,276.46,47.95,57.25,73.47,37.76,14.73,1.72,35.22,3.06,26.88,2.53,,3.34,2.83,29.37,57.87,0.55,183.2,0.01,0.0,103.06,963.95,-0.03
2024-10-17,140.35,329.05,76.23,60.48,100.48,44.86,17.21,2.17,39.65,3.67,35.43,2.7,,3.5,2.9,29.61,60.92,0.53,167.14,0.0,0.0,99.39,964.65,0.02
2024-10-18,133.26,320.41,90.31,58.09,110.73,50.91,16.58,2.21,33.31,3.33,37.04,2.53,,3.66,2.83,29.76,59.93,0.54,177.29,0.01,0.01,109.05,964.94,-0.0
2024-10-19,126.25,303.3,76.96,56.83,98.33,48.96,15.94,2.0,31.55,3.05,33.36,2.51,,2.97,3.08,29.98,59.54,0.59,189.28,0.0,0.0,108.1,964.96,-0.01
2024-10-20,148.86,302.58,51.95,51.44,74.77,50.6,15.86,1.83,39.38,2.88,29.14,2.51,,2.83,2.49,29.74,65.08,0.63,165.71,0.0,0.0,109.0,964.31,0.01
2024-10-21,155.01,292.51,41.55,51.88,59.14,47.08,15.0,1.64,45.24,2.67,25.55,2.51,,2.89,3.05,29.58,66.43,0.7,153.48,0.02,0.01,103.67,964.48,0.02
2024-10-22,166.95,321.94,51.24,55.56,74.03,45.73,16.07,1.74,41.34,2.92,31.94,2.5,,3.15,2.49,29.32,66.49,0.54,174.55,0.0,0.0,98.66,966.25,-0.01
2024-10-23,205.52,355.74,22.6,45.98,46.26,44.73,14.22,1.47,32.55,2.72,23.83,2.52,,3.0,2.45,29.47,63.26,0.85,200.72,0.0,0.0,101.73,966.05,0.0
2024-10-24,138.59,264.13,17.91,40.57,38.13,39.61,14.69,1.29,35.55,2.27,21.31,2.52,,2.94,2.55,29.36,59.49,0.87,197.9,0.0,0.0,109.44,965.13,0.0
2024-10-25,119.94,258.68,20.46,43.17,41.51,37.27,14.17,1.2,33.47,2.19,20.02,2.5,,3.26,2.8,29.42,57.63,0.93,201.38,0.0,0.0,114.32,964.77,-0.03
2024-10-26,168.48,328.15,40.77,53.82,65.42,40.43,17.14,1.72,37.95,2.65,22.67,2.75,,2.9,2.4,28.8,60.83,0.78,191.28,0.0,0.0,107.46,965.16,-0.01
2024-10-27,185.49,333.66,53.43,55.27,79.92,48.94,14.89,1.9,41.14,2.78,29.66,1.42,,2.49,2.23,29.36,68.12,0.58,169.54,0.0,0.0,96.97,964.8,0.0
2024-10-28,141.27,272.47,35.31,47.8,59.99,45.49,14.73,1.49,34.85,2.48,22.5,1.45,,2.36,2.41,29.55,66.63,0.76,168.9,0.0,0.0,97.69,964.38,-0.01
2024-10-29,128.35,264.69,40.63,52.82,65.38,43.12,14.55,1.66,34.84,2.56,24.35,1.58,,3.51,3.22,29.74,67.46,0.64,158.91,0.0,0.0,94.47,964.53,-0.01
2024-10-30,160.76,330.55,45.66,55.19,70.33,47.61,17.03,1.72,42.21,2.88,30.87,2.19,,3.15,2.83,30.03,64.49,0.59,167.14,0.0,0.0,94.15,954.43,-0.01
2024-10-31,199.08,332.44,31.18,47.65,52.91,46.42,20.03,1.48,30.67,2.4,17.53,2.46,,3.26,2.7,29.5,61.78,0.8,201.63,0.0,0.0,95.15,954.83,-0.02
2024-11-01,220.64,332.1,32.5,40.09,51.44,37.44,25.24,1.51,32.18,2.35,11.71,2.49,,3.47,2.87,28.41,55.37,0.8,205.16,0.0,0.0,102.71,955.74,-0.07
2024-11-02,219.88,354.6,46.11,57.99,72.82,39.97,20.07,1.82,35.53,2.9,19.12,2.52,,3.57,2.9,27.94,60.15,0.52,187.43,0.0,0.0,89.53,956.17,-0.06
2024-11-03,224.98,370.42,61.47,62.57,90.93,42.26,19.31,2.13,42.79,3.28,26.94,2.51,,3.51,2.88,27.45,63.35,0.5,177.28,0.0,0.0,86.04,956.5,-0.06
2024-11-04,233.77,405.98,62.43,59.49,89.01,46.14,16.67,2.24,34.58,3.44,25.69,2.49,,3.34,2.61,27.25,66.15,0.55,192.92,0.0,0.0,84.14,955.98,-0.06
2024-11-05,213.75,376.6,86.0,67.04,111.59,52.37,18.24,2.55,45.14,3.35,31.6,2.49,,2.57,2.0,27.5,67.76,0.56,169.0,0.0,0.0,86.15,956.29,-0.06
2024-11-06,206.66,367.64,79.38,71.25,105.41,48.57,17.48,2.44,46.08,3.23,29.52,2.49,,3.35,3.5,27.53,69.04,0.49,173.08,0.04,0.03,82.7,955.33,-0.02
2024-11-07,233.99,397.94,70.15,68.18,94.89,55.23,15.62,2.43,43.33,3.19,26.07,2.32,,3.73,2.77,27.48,70.6,0.52,159.99,0.0,0.0,75.63,953.99,0.02
2024-11-08,214.16,354.6,50.9,56.97,72.37,53.87,14.2,2.11,36.12,2.63,24.43,2.34,,2.96,1.72,27.59,72.95,0.59,160.67,0.0,0.0,77.13,953.87,0.02
2024-11-09,184.83,314.35,28.84,50.91,51.16,49.53,15.95,1.73,40.87,2.44,23.07,2.07,,2.54,1.95,28.13,69.51,0.7,155.77,0.0,0.0,82.14,953.38,0.04
2024-11-10,179.29,309.51,32.92,48.58,53.14,46.4,14.33,1.8,44.72,2.47,23.82,2.51,,2.6,2.33,28.07,70.23,0.64,159.98,0.0,0.0,88.35,952.89,0.03
2024-11-11,194.61,348.91,61.03,56.54,80.67,45.52,17.53,2.33,45.55,2.97,27.13,2.41,,2.79,1.98,27.61,71.57,0.52,156.82,0.0,0.0,79.25,953.34,0.01
2024-11-12,191.6,325.37,50.08,49.14,67.6,45.3,15.96,1.86,35.09,2.83,26.93,3.58,,2.88,3.26,27.7,64.34,0.71,179.25,0.0,0.0,86.84,961.95,0.02
2024-11-13,395.09,551.98,24.95,44.12,44.38,50.72,15.24,2.58,32.38,4.09,26.43,4.22,,3.11,4.76,25.55,78.0,0.66,188.46,0.0,0.0,69.05,962.5,0.01
2024-11-14,280.46,456.56,56.73,55.24,76.81,49.03,17.07,2.71,33.78,3.95,32.73,3.44,,3.05,4.22,25.44,73.84,0.54,161.06,0.0,0.0,75.88,963.63,0.01
2024-11-15,273.63,434.26,40.35,53.44,61.89,47.24,15.32,2.11,31.63,3.58,33.58,2.96,,3.48,4.14,26.02,68.58,0.62,176.99,0.0,0.0,82.48,963.08,-0.0
2024-11-16,363.2,523.41,54.9,54.28,74.6,47.92,17.59,2.47,30.83,3.2,28.74,2.77,,2.99,3.86,25.65,68.31,0.54,189.64,0.01,0.01,77.98,962.69,-0.0
2024-11-17,428.58,568.14,42.83,49.53,61.68,49.7,15.64,2.34,29.72,3.89,27.83,3.02,,3.24,4.13,24.86,72.58,0.7,195.42,0.0,0.0,67.12,963.05,0.02
2024-11-18,581.23,749.34,16.14,47.67,38.96,51.95,15.7,2.64,28.85,3.55,20.71,2.15,,2.39,2.71,23.8,78.84,0.7,207.05,0.0,0.0,60.13,964.8,0.02
2024-11-19,332.01,459.45,23.36,54.52,48.23,40.86,18.56,1.84,27.48,3.52,27.4,3.09,,4.37,4.96,23.47,72.26,0.58,196.41,0.0,0.0,72.2,964.99,0.03
2024-11-20,259.89,400.97,46.93,59.33,69.43,39.88,18.49,1.87,34.82,3.16,27.74,2.99,,2.75,3.83,23.3,67.83,0.64,190.11,0.01,0.0,76.69,965.33,0.03
2024-11-21,208.33,357.6,68.13,65.59,90.52,40.23,16.99,2.08,32.34,4.41,33.37,6.53,,4.84,8.34,23.34,66.66,0.76,186.36,0.0,0.0,76.46,966.53,0.02
2024-11-22,280.66,445.31,67.55,69.79,92.42,43.47,17.94,2.25,33.62,3.72,29.79,4.62,,3.86,5.91,23.61,68.58,0.7,187.18,0.0,0.0,73.58,966.66,0.02
2024-11-23,243.79,412.24,88.91,78.72,114.63,43.17,18.71,2.63,37.66,4.92,38.33,7.59,,5.99,10.8,24.14,68.88,0.68,175.64,0.01,0.01,74.72,966.18,0.02
2024-11-24,147.12,274.36,56.56,61.61,80.12,40.35,16.49,1.89,34.43,2.97,29.87,5.42,,4.53,7.15,24.58,62.84,0.85,184.06,0.0,0.0,75.6,965.76,0.03
2024-11-25,251.37,388.32,21.9,52.82,45.83,39.72,16.15,1.61,35.02,2.52,18.33,2.49,,2.59,3.17,24.28,67.8,0.92,194.73,0.0,0.0,67.91,965.99,0.03
2024-11-26,156.85,270.06,26.12,53.56,50.05,36.68,17.1,1.39,34.08,2.15,21.04,2.42,,2.38,2.87,24.01,64.26,0.87,190.79,0.0,0.0,75.34,966.02,0.02
2024-11-27,151.84,274.68,49.01,60.01,72.23,37.94,17.04,1.7,34.54,2.31,17.97,2.4,,2.38,3.05,23.56,63.45,0.82,182.96,0.0,0.0,75.88,956.02,0.03
2024-11-28,184.47,330.28,79.86,65.05,100.77,40.89,17.7,2.24,34.34,3.01,31.38,5.15,,3.04,4.5,23.04,64.54,0.79,173.39,0.01,0.0,73.56,966.2,0.06
2024-11-29,193.27,342.17,96.69,78.86,121.65,41.76,19.15,2.51,35.86,3.39,32.74,7.44,,3.13,3.99,22.67,65.39,0.75,174.02,0.0,0.0,73.02,966.41,0.05
2024-11-30,190.1,327.76,73.07,73.23,99.57,41.77,18.7,2.28,30.96,3.36,33.54,8.98,,4.19,6.04,23.05,65.34,0.82,189.32,0.0,0.0,73.53,965.85,0.02
2024-12-01,142.16,246.76,40.33,60.44,65.66,42.71,17.29,1.61,29.72,2.36,20.53,7.71,,2.98,4.16,23.75,65.63,0.85,194.5,0.0,0.0,73.23,965.2,0.01
2024-12-02,132.09,243.28,48.24,63.33,74.03,42.13,17.7,1.69,29.28,2.16,18.79,7.27,,2.78,3.47,23.7,66.35,0.84,187.41,0.0,0.0,75.31,964.6,0.0
2024-12-03,122.7,236.13,42.79,60.8,67.73,41.14,16.49,1.53,30.37,2.33,23.27,7.5,,2.94,3.86,24.1,64.74,0.96,190.74,0.0,0.0,75.3,965.66,0.02
2024-12-04,74.2,168.55,20.38,47.36,41.96,35.1,15.11,1.06,33.81,1.47,15.01,6.19,,1.66,1.9,24.37,55.26,1.21,194.36,0.0,0.0,78.09,964.6,0.02
2024-12-05,77.04,176.53,30.36,54.33,54.1,35.56,15.58,1.23,32.42,1.87,15.06,6.28,,1.73,2.01,22.65,53.64,1.11,186.26,0.0,0.0,80.56,965.68,0.03
2024-12-06,90.46,197.57,48.85,63.06,73.69,35.98,17.06,1.5,32.2,2.03,21.28,6.66,,2.12,2.55,22.34,56.23,0.99,184.17,0.0,0.0,79.09,965.59,0.03
2024-12-07,122.15,245.62,75.51,70.4,102.31,38.32,17.45,2.04,33.42,2.64,25.84,7.2,,2.86,3.95,21.53,59.32,0.81,173.36,0.0,0.0,77.42,965.37,0.03
2024-12-08,162.75,297.36,65.44,69.71,93.84,43.83,17.09,1.84,38.55,2.63,24.81,6.97,,3.19,3.96,21.76,60.63,1.15,153.51,0.0,0.0,66.73,965.01,0.06
2024-12-09,87.5,168.17,23.34,53.69,48.18,37.53,14.73,1.23,34.51,1.55,15.89,5.94,,1.78,1.7,21.21,67.25,1.03,178.55,0.0,0.0,76.04,966.03,0.03
2024-12-10,97.86,188.84,25.24,53.16,49.35,35.57,14.51,1.16,28.57,1.65,17.72,9.12,,1.69,1.76,20.78,59.59,1.36,204.44,0.0,0.0,80.51,966.82,0.05
2024-12-11,101.24,207.06,31.83,58.06,58.32,36.54,15.65,1.27,33.82,1.78,17.35,9.24,,1.68,1.91,20.47,50.64,1.36,210.35,0.0,0.0,81.47,966.65,0.04
2024-12-12,148.71,272.43,36.45,67.8,66.4,41.7,15.94,1.29,31.99,2.11,20.71,9.19,,1.93,2.09,20.17,56.99,1.24,208.66,0.0,0.0,78.38,966.5,0.04
2024-12-13,106.81,220.91,14.0,54.32,39.99,41.39,13.68,1.0,40.35,1.57,13.9,8.69,,1.46,1.5,16.04,52.27,1.66,211.35,0.0,0.0,79.96,966.9,0.03
2024-12-14,100.57,205.97,31.14,56.93,55.77,39.58,15.65,1.24,35.42,1.7,16.49,8.7,,1.41,1.37,15.45,52.28,1.31,208.92,0.0,0.0,79.32,966.98,0.05
2024-12-15,174.39,304.33,58.31,70.29,86.05,44.34,17.07,1.75,31.57,2.41,19.59,10.49,,1.77,2.75,14.22,60.32,0.75,196.8,0.0,0.0,74.84,966.03,0.04
2024-12-16,273.88,434.08,83.0,84.64,115.38,53.84,16.54,2.39,32.1,3.46,28.15,9.76,,2.79,3.76,14.86,68.18,0.68,187.73,0.0,0.0,70.87,966.71,0.03
2024-12-17,331.03,495.92,107.02,91.06,139.87,57.75,17.1,2.94,32.8,4.12,37.91,10.4,,4.35,4.71,15.16,71.61,0.71,167.68,0.0,0.0,66.65,966.24,0.03
2024-12-18,345.18,499.11,72.16,81.17,103.28,58.58,16.73,2.44,27.33,3.5,32.22,9.1,,2.65,1.56,14.87,76.94,0.62,174.44,0.0,0.0,65.64,966.27,0.0
2024-12-19,342.34,494.35,111.68,84.81,138.55,60.38,17.62,2.99,29.08,3.91,40.98,8.94,,3.12,1.89,15.01,73.67,0.78,154.47,0.0,0.0,63.72,966.18,0.05
2024-12-20,292.6,431.02,69.91,80.54,101.64,56.15,17.29,2.16,31.01,3.27,32.94,8.5,,2.18,1.68,16.09,71.99,0.64,154.34,0.0,0.0,59.85,966.17,0.04
2024-12-21,217.87,341.89,56.78,68.36,84.93,54.99,15.61,1.77,27.58,2.54,25.5,9.49,,1.88,1.33,15.42,71.68,0.69,178.5,0.01,0.01,63.09,964.94,0.02
2024-12-22,286.23,431.41,95.89,87.17,127.39,59.93,19.34,2.55,32.05,3.24,33.84,8.15,,2.51,1.51,15.8,70.95,0.69,160.87,0.0,0.0,61.89,966.28,0.02
2024-12-23,269.26,388.13,38.32,75.93,72.79,56.33,16.85,1.82,22.95,2.65,28.05,8.48,,1.71,1.19,15.69,74.7,0.83,149.1,0.0,0.0,40.42,966.5,0.02
2024-12-24,187.31,279.86,32.79,60.78,59.43,52.85,16.05,1.52,22.55,2.3,28.11,5.34,,1.58,1.19,16.49,72.09,0.82,152.14,0.01,0.01,53.22,968.95,0.03
2024-12-25,185.6,274.52,61.09,58.27,81.26,55.36,16.2,1.7,21.89,2.55,27.68,5.31,,2.09,1.39,16.08,76.99,0.7,185.11,0.0,0.0,70.23,968.49,0.02
2024-12-26,209.06,325.66,54.49,64.12,78.84,56.38,17.29,1.75,27.96,2.42,27.89,5.12,,1.96,1.31,16.7,72.47,0.63,164.06,0.0,0.0,75.41,967.87,0.04
2024-12-27,160.37,220.78,34.47,52.67,56.4,58.59,13.52,1.34,18.56,2.4,29.32,5.38,,1.56,1.19,15.85,86.18,1.13,152.86,0.32,0.2,19.04,968.99,0.02
2024-12-28,92.69,133.34,29.73,46.74,49.37,48.31,14.29,1.13,13.5,1.67,21.36,5.88,,1.38,1.1,15.66,91.11,0.7,169.37,0.03,0.02,28.62,977.55,0.03
2024-12-29,88.34,133.2,16.84,34.49,32.21,41.96,12.81,0.85,22.08,1.17,13.9,4.98,,1.45,1.12,15.67,85.09,1.22,198.24,0.0,0.0,68.77,978.62,0.03
2024-12-30,90.47,138.98,16.81,34.37,32.3,38.79,13.31,0.93,26.81,1.13,12.18,5.25,,1.34,1.09,13.99,81.39,1.05,197.32,0.0,0.0,64.38,978.06,0.03
2024-12-31,155.28,251.54,23.7,47.38,44.82,44.37,14.37,1.3,26.66,1.64,17.56,5.39,,1.56,1.2,13.36,78.28,0.76,169.97,0.0,0.0,70.37,978.4,0.02
